{
  "dungeons_arise:wda_root": {
    "criteria": {
      "WDA": "2024-06-15 23:40:08 -0500"
    },
    "done": true
  },
  "betterdungeons:root": {
    "criteria": {
      "always": "2024-06-15 23:40:08 -0500"
    },
    "done": true
  },
  "lootr:root": {
    "criteria": {
      "always_true": "2024-06-15 23:40:08 -0500"
    },
    "done": true
  },
  "minecraft:adventure/adventuring_time": {
    "criteria": {
      "minecraft:meadow": "2024-06-15 23:40:18 -0500"
    },
    "done": false
  },
  "DataVersion": 2975
}